(201250001,'Haut Bages Liberal Pauillac 5eme Cru 2006','BORDEAUX','France',680,75,100,'Good.','Dry');
(201250002,'Le Pin Pomerol 2000','BORDEAUX','France',43000,75,100,'Normal.','Dry');
(201250003,'Balvenie Doublewood 12 Years Single Malt Scotch Whisky','SPEYSIDE','Scotland',738,70,100,'Bad.','Dry');
(201250004,'La Clemence Pomerol 2003','BORDEAUX','France',880,75,100,'Good.','Dry');
(201250005,'Ducru Beaucaillou St Julien 2eme Cru 1990','BORDEAUX','France',2800,75,100,'Normal.','Dry');
(201250006,'Beausejour Duffau Lagarrosse St Emilion 1er GCC 2003','BORDEAUX','France',860,75,100,'Bad.','Dry');
(201250007,'Alain Chavy Puligny Montrachet 2013','BURGUNDY','France',590,75,100,'Good.','Dry');
(201250008,'Arlaud Gevrey Chambertin 2014','BURGUNDY','France',520,75,100,'Normal.','Dry');
(201250009,'Arlaud Morey St Denis 1er Cru Aux Cheseaux 2014','BURGUNDY','France',720,75,100,'Bad.','Dry');
(201250010,'Philippe Charlopin-Parizot Mazis Chambertin Grand Cru 2008','BURGUNDY','France',1680,75,100,'Good.','Dry');
(201250011,'Martelet de Cherisey Blagny 1er Cru La Genelotte 2010','BURGUNDY','France',428,75,100,'Normal.','Dry');
(201250012,'Beaucastel Chateauneuf Du Pape Hommage A Jacques Perrin 2012','RHONE','France',6500,75,100,'Bad.','Dry');
(201250013,'Beaurenard Chateauneuf du Pape 2014','RHONE','France',388,75,100,'Good.','Dry');
(201250014,'Clos du Mont-Olivet Chateauneuf du Pape 2003','RHONE','France',318,75,100,'Normal.','Dry');
(201250015,'Domaine Pegau Chateauneuf du Pape Cuvee da Capo 2010','RHONE','France',7500,75,100,'Bad.','Dry');
(201250016,'Guigal Cote Rotie La Turque 2007','RHONE','France',3980,75,100,'Good.','Dry');
(201250017,'Cailbourdin Les Cris Pouilly Fume 2015','LOIRE VALLEY','France',198,75,100,'Normal.','Dry');
(201250018,'Clau De Nell Anjou Cabernet Franc 2013','LOIRE VALLEY','France',285,75,100,'Bad.','Dry');
(201250019,'Clau De Nell Cuvee Violette 2011','LOIRE VALLEY','France',260,75,100,'Good.','Dry');
(201250020,'Domaine Vacheron Sancerre Rouge 2013','LOIRE VALLEY','France',278,75,100,'Normal.','Dry');
(201250021,'Clau De Nell Grolleau 2011','LOIRE VALLEY','France',315,75,100,'Bad.','Dry');
(201250022,'Chateau Roubine Cuvee Prestige Terre De Croix Rouge 2013','SOUTH OF FRANCE','France',185,75,100,'Good.','Dry');
(201250023,'d�Esclans Whispering Angel Cote de Provence Rose 2015','SOUTH OF FRANCE','France',225,75,100,'Normal.','Dry');
(201250024,'LOstal Cazes Minervois La Liviniere 2013','SOUTH OF FRANCE','France',185,75,100,'Bad.','Dry');
(201250025,'Les Cassagnes de La Nerthe Cotes du Rhone Villages Rouge 2014','SOUTH OF FRANCE','France',138,75,100,'Good.','Dry');
(201250026,'Miraval Cotes de Provence Rose 2016','SOUTH OF FRANCE','France',248,75,100,'Normal.','Dry');
(201250027,'Lucien Albrecht Cremant DAlsace NV','ALSACE','France',128,75,100,'Bad.','Dry');
(201250028,'Lucien Albrecht Riesling Cuvee Melchior 2014','ALSACE','France',178,75,100,'Good.','Dry');
(201250029,'Zind Humbrecht Gewurztraminer Calcaire 2013','ALSACE','France',248,75,100,'Normal.','Sweet');
(201250030,'Zind Humbrecht Pinot Gris Calcaire 2011','ALSACE','France',245,75,100,'Bad.','Dry');
(201250031,'Zind Humbrecht Pinot Gris Herrenweg De Turckheim 2013','ALSACE','France',248,75,100,'Good.','Dry');
(201250032,'Domaine A Cabernet Sauvignon 2003','BAROSSA','Australia',988,75,100,'Normal.','Dry');
(201250033,'Elderton Ashmead Cabernet Sauvignon 2002','BAROSSA','Australia',638,75,100,'Bad.','Dry');
(201250034,'Elderton Ashmead Cabernet Sauvignon 2014','BAROSSA','Australia',588,75,100,'Good.','Dry');
(201250035,'Elderton Barossa Command Shiraz 2000','BAROSSA','Australia',698,75,100,'Normal.','Dry');
(201250036,'Henschke Mount Edelstone Shiraz 2012','BAROSSA','Australia',1498,75,100,'Bad.','Dry');
(201250037,'Chapel Hill McLaren Vale Cabernet Sauvignon 2013','MCLAREN VALE','Australia',178,75,100,'Good.','Dry');
(201250038,'Chapel Hill Shiraz 2015','MCLAREN VALE','Australia',188,75,100,'Normal.','Dry');
(201250039,'Chapel Hill The Chosen Gorge Block Cabernet Sauvignon 2011','MCLAREN VALE','Australia',348,75,100,'Bad.','Dry');
(201250040,'dArenberg Coppermine Road Cabernet Sauvignon 2006','MCLAREN VALE','Australia',468,75,100,'Good.','Dry');
(201250041,'dArenberg Dead Arm Shiraz 2005 - 150cl','MCLAREN VALE','Australia',1030,150,100,'Normal.','Dry');
(201250042,'Annies Lane Cabernet Merlot 2013','CLARE VALLEY','Australia',158,75,100,'Bad.','Dry');
(201250043,'Grosset Alea Off Dry Riesling 2016','CLARE VALLEY','Australia',198,75,100,'Good.','Off Dry');
(201250044,'Kilikanoon Medley Proprietary Red GSM 2007','CLARE VALLEY','Australia',128,75,100,'Normal.','Dry');
(201250045,'Grosset Polish Hill Riesling 2016','CLARE VALLEY','Australia',328,75,100,'Bad.','Dry');
(201250046,'Grosset Semillon Sauvignon Blanc 2014','CLARE VALLEY','Australia',218,75,100,'Good.','Dry');
(201250047,'Grosset Springvale Riesling 2016','TASMANIA','Australia',228,75,100,'Normal.','Dry');

Begin
INSERT INTO PRODUCT 
VALUES
(201250003,'Balvenie Doublewood 12 Years Single Malt Scotch Whisky','SPEYSIDE','Scotland',738,70,100,'Bad.','Dry'),
(201250004,'La Clemence Pomerol 2003','BORDEAUX','France',880,75,100,'Good.','Dry'),
(201250005,'Ducru Beaucaillou St Julien 2eme Cru 1990','BORDEAUX','France',2800,75,100,'Normal.','Dry'),
(201250006,'Beausejour Duffau Lagarrosse St Emilion 1er GCC 2003','BORDEAUX','France',860,75,100,'Bad.','Dry'),
(201250007,'Alain Chavy Puligny Montrachet 2013','BURGUNDY','France',590,75,100,'Good.','Dry'),
(201250008,'Arlaud Gevrey Chambertin 2014','BURGUNDY','France',520,75,100,'Normal.','Dry'),
(201250009,'Arlaud Morey St Denis 1er Cru Aux Cheseaux 2014','BURGUNDY','France',720,75,100,'Bad.','Dry'),
(201250010,'Philippe Charlopin-Parizot Mazis Chambertin Grand Cru 2008','BURGUNDY','France',1680,75,100,'Good.','Dry'),
(201250011,'Martelet de Cherisey Blagny 1er Cru La Genelotte 2010','BURGUNDY','France',428,75,100,'Normal.','Dry'),
(201250012,'Beaucastel Chateauneuf Du Pape Hommage A Jacques Perrin 2012','RHONE','France',6500,75,100,'Bad.','Dry'),
(201250013,'Beaurenard Chateauneuf du Pape 2014','RHONE','France',388,75,100,'Good.','Dry'),
(201250014,'Clos du Mont-Olivet Chateauneuf du Pape 2003','RHONE','France',318,75,100,'Normal.','Dry'),
(201250015,'Domaine Pegau Chateauneuf du Pape Cuvee da Capo 2010','RHONE','France',7500,75,100,'Bad.','Dry'),
(201250016,'Guigal Cote Rotie La Turque 2007','RHONE','France',3980,75,100,'Good.','Dry'),
(201250017,'Cailbourdin Les Cris Pouilly Fume 2015','LOIRE VALLEY','France',198,75,100,'Normal.','Dry'),
(201250018,'Clau De Nell Anjou Cabernet Franc 2013','LOIRE VALLEY','France',285,75,100,'Bad.','Dry'),
(201250019,'Clau De Nell Cuvee Violette 2011','LOIRE VALLEY','France',260,75,100,'Good.','Dry'),
(201250020,'Domaine Vacheron Sancerre Rouge 2013','LOIRE VALLEY','France',278,75,100,'Normal.','Dry'),
(201250021,'Clau De Nell Grolleau 2011','LOIRE VALLEY','France',315,75,100,'Bad.','Dry'),
(201250022,'Chateau Roubine Cuvee Prestige Terre De Croix Rouge 2013','SOUTH OF FRANCE','France',185,75,100,'Good.','Dry'),
(201250023,'d�Esclans Whispering Angel Cote de Provence Rose 2015','SOUTH OF FRANCE','France',225,75,100,'Normal.','Dry'),
(201250024,'LOstal Cazes Minervois La Liviniere 2013','SOUTH OF FRANCE','France',185,75,100,'Bad.','Dry'),
(201250025,'Les Cassagnes de La Nerthe Cotes du Rhone Villages Rouge 2014','SOUTH OF FRANCE','France',138,75,100,'Good.','Dry'),
(201250026,'Miraval Cotes de Provence Rose 2016','SOUTH OF FRANCE','France',248,75,100,'Normal.','Dry'),
(201250027,'Lucien Albrecht Cremant DAlsace NV','ALSACE','France',128,75,100,'Bad.','Dry'),
(201250028,'Lucien Albrecht Riesling Cuvee Melchior 2014','ALSACE','France',178,75,100,'Good.','Dry'),
(201250029,'Zind Humbrecht Gewurztraminer Calcaire 2013','ALSACE','France',248,75,100,'Normal.','Sweet'),
(201250030,'Zind Humbrecht Pinot Gris Calcaire 2011','ALSACE','France',245,75,100,'Bad.','Dry'),
(201250031,'Zind Humbrecht Pinot Gris Herrenweg De Turckheim 2013','ALSACE','France',248,75,100,'Good.','Dry'),
(201250032,'Domaine A Cabernet Sauvignon 2003','BAROSSA','Australia',988,75,100,'Normal.','Dry'),
(201250033,'Elderton Ashmead Cabernet Sauvignon 2002','BAROSSA','Australia',638,75,100,'Bad.','Dry'),
(201250034,'Elderton Ashmead Cabernet Sauvignon 2014','BAROSSA','Australia',588,75,100,'Good.','Dry'),
(201250035,'Elderton Barossa Command Shiraz 2000','BAROSSA','Australia',698,75,100,'Normal.','Dry'),
(201250036,'Henschke Mount Edelstone Shiraz 2012','BAROSSA','Australia',1498,75,100,'Bad.','Dry'),
(201250037,'Chapel Hill McLaren Vale Cabernet Sauvignon 2013','MCLAREN VALE','Australia',178,75,100,'Good.','Dry'),
(201250038,'Chapel Hill Shiraz 2015','MCLAREN VALE','Australia',188,75,100,'Normal.','Dry'),
(201250039,'Chapel Hill The Chosen Gorge Block Cabernet Sauvignon 2011','MCLAREN VALE','Australia',348,75,100,'Bad.','Dry'),
(201250040,'dArenberg Coppermine Road Cabernet Sauvignon 2006','MCLAREN VALE','Australia',468,75,100,'Good.','Dry'),
(201250041,'dArenberg Dead Arm Shiraz 2005 - 150cl','MCLAREN VALE','Australia',1030,150,100,'Normal.','Dry'),
(201250042,'Annies Lane Cabernet Merlot 2013','CLARE VALLEY','Australia',158,75,100,'Bad.','Dry'),
(201250043,'Grosset Alea Off Dry Riesling 2016','CLARE VALLEY','Australia',198,75,100,'Good.','Off Dry'),
(201250044,'Kilikanoon Medley Proprietary Red GSM 2007','CLARE VALLEY','Australia',128,75,100,'Normal.','Dry'),
(201250045,'Grosset Polish Hill Riesling 2016','CLARE VALLEY','Australia',328,75,100,'Bad.','Dry'),
(201250046,'Grosset Semillon Sauvignon Blanc 2014','CLARE VALLEY','Australia',218,75,100,'Good.','Dry'),
(201250047,'Grosset Springvale Riesling 2016','TASMANIA','Australia',228,75,100,'Normal.','Dry')
END;


